"No.","Time","Source","Destination","Protocol","Length","Info"
"1","0.000000","PCSSystemtec_e3:7c:93","52:54:00:12:35:00","ARP","42","Who has 10.0.2.2? Tell 10.0.2.15"
"2","0.000907","52:54:00:12:35:00","PCSSystemtec_e3:7c:93","ARP","64","10.0.2.2 is at 52:54:00:12:35:00"
"3","1.892471","fd17:625c:f037:2:86e2:1afc:8ad3:8e30","2a03:2880:f28a:ce:face:b00c:0:167","TCP","113","58438  >  5222 [PSH, ACK] Seq=1 Ack=1 Win=65535 Len=39 [TCP PDU reassembled in 411]"
"4","1.892838","fd17:625c:f037:2:86e2:1afc:8ad3:8e30","2a03:2880:f28a:ce:face:b00c:0:167","TLSv1.2","113","Application Data"
"5","1.893152","10.0.2.15","163.70.146.60","TLSv1.2","93","Application Data"
"6","1.893234","2a03:2880:f28a:ce:face:b00c:0:167","fd17:625c:f037:2:86e2:1afc:8ad3:8e30","TCP","74","5222  >  58438 [ACK] Seq=1 Ack=40 Win=65535 Len=0"
"7","1.893235","2a03:2880:f28a:ce:face:b00c:0:167","fd17:625c:f037:2:86e2:1afc:8ad3:8e30","TCP","74","443  >  48820 [ACK] Seq=1 Ack=40 Win=65535 Len=0"
"8","1.893851","163.70.146.60","10.0.2.15","TCP","60","443  >  49762 [ACK] Seq=1 Ack=40 Win=65535 Len=0"
"9","1.938988","2a03:2880:f28a:ce:face:b00c:0:167","fd17:625c:f037:2:86e2:1afc:8ad3:8e30","TCP","113","5222  >  58438 [PSH, ACK] Seq=1 Ack=40 Win=65535 Len=39 [TCP PDU reassembled in 414]"
"10","1.945320","2a03:2880:f28a:ce:face:b00c:0:167","fd17:625c:f037:2:86e2:1afc:8ad3:8e30","TLSv1.2","113","Application Data"
"11","1.945321","163.70.146.60","10.0.2.15","TLSv1.2","93","Application Data"
"12","1.945422","fd17:625c:f037:2:86e2:1afc:8ad3:8e30","2a03:2880:f28a:ce:face:b00c:0:167","TCP","74","48820  >  443 [ACK] Seq=40 Ack=40 Win=65535 Len=0"
"13","1.998965","fd17:625c:f037:2:86e2:1afc:8ad3:8e30","2a03:2880:f28a:ce:face:b00c:0:167","TCP","74","58438  >  5222 [ACK] Seq=40 Ack=40 Win=65535 Len=0"
"14","1.999989","10.0.2.15","163.70.146.60","TCP","54","49762  >  443 [ACK] Seq=40 Ack=40 Win=65535 Len=0"
"15","5.120637","10.0.2.15","23.11.38.161","TCP","54","57446  >  80 [ACK] Seq=1 Ack=1 Win=61672 Len=0"
"16","5.121935","23.11.38.161","10.0.2.15","TCP","60","[TCP ACKed unseen segment] 80  >  57446 [ACK] Seq=1 Ack=2 Win=65535 Len=0"
"17","5.973178","10.0.2.15","10.95.98.128","DNS","76","Standard query 0x0971 A web.whatsapp.com"
"18","5.973933","fd17:625c:f037:2:86e2:1afc:8ad3:8e30","2a03:2880:f28a:ce:face:b00c:0:167","TLSv1.2","484","Application Data"
"19","5.974230","fd17:625c:f037:2:86e2:1afc:8ad3:8e30","2a03:2880:f28a:ce:face:b00c:0:167","TLSv1.2","1079","Application Data"
"20","5.974466","fd17:625c:f037:2:86e2:1afc:8ad3:8e30","2a03:2880:f28a:ce:face:b00c:0:167","TCP","1514","48820  >  443 [ACK] Seq=1455 Ack=40 Win=65535 Len=1440 [TCP PDU reassembled in 21]"
"21","5.974517","fd17:625c:f037:2:86e2:1afc:8ad3:8e30","2a03:2880:f28a:ce:face:b00c:0:167","TLSv1.2","433","Application Data"
"22","5.975218","2a03:2880:f28a:ce:face:b00c:0:167","fd17:625c:f037:2:86e2:1afc:8ad3:8e30","TCP","74","443  >  48820 [ACK] Seq=40 Ack=450 Win=65535 Len=0"
"23","5.975219","2a03:2880:f28a:ce:face:b00c:0:167","fd17:625c:f037:2:86e2:1afc:8ad3:8e30","TCP","74","443  >  48820 [ACK] Seq=40 Ack=1455 Win=65535 Len=0"
"24","5.975219","2a03:2880:f28a:ce:face:b00c:0:167","fd17:625c:f037:2:86e2:1afc:8ad3:8e30","TCP","74","443  >  48820 [ACK] Seq=40 Ack=2895 Win=65535 Len=0"
"25","5.975220","2a03:2880:f28a:ce:face:b00c:0:167","fd17:625c:f037:2:86e2:1afc:8ad3:8e30","TCP","74","443  >  48820 [ACK] Seq=40 Ack=3254 Win=65535 Len=0"
"26","5.981383","10.95.98.128","10.0.2.15","DNS","129","Standard query response 0x0971 A web.whatsapp.com CNAME mmx-ds.cdn.whatsapp.net A 163.70.146.60"
"27","5.981756","10.0.2.15","10.95.98.128","DNS","76","Standard query 0x6c4e AAAA web.whatsapp.com"
"28","6.033228","2a03:2880:f28a:ce:face:b00c:0:167","fd17:625c:f037:2:86e2:1afc:8ad3:8e30","TLSv1.2","109","Application Data"
"29","6.033635","fd17:625c:f037:2:86e2:1afc:8ad3:8e30","2a03:2880:f28a:ce:face:b00c:0:167","TCP","74","48820  >  443 [ACK] Seq=3254 Ack=75 Win=65535 Len=0"
"30","6.096895","10.95.98.128","10.0.2.15","DNS","141","Standard query response 0x6c4e AAAA web.whatsapp.com CNAME mmx-ds.cdn.whatsapp.net AAAA 2a03:2880:f28a:ce:face:b00c:0:167"
"31","6.516914","2a03:2880:f28a:ce:face:b00c:0:167","fd17:625c:f037:2:86e2:1afc:8ad3:8e30","TLSv1.2","2708","Application Data, Application Data"
"32","6.517223","fd17:625c:f037:2:86e2:1afc:8ad3:8e30","2a03:2880:f28a:ce:face:b00c:0:167","TCP","74","48820  >  443 [ACK] Seq=3254 Ack=2709 Win=65535 Len=0"
"33","14.041275","fd17:625c:f037:2:86e2:1afc:8ad3:8e30","2a03:2880:f28a:ce:face:b00c:0:167","TLSv1.2","143","Application Data"
"34","14.042209","2a03:2880:f28a:ce:face:b00c:0:167","fd17:625c:f037:2:86e2:1afc:8ad3:8e30","TCP","74","443  >  48826 [ACK] Seq=1 Ack=70 Win=65535 Len=0"
"35","14.658105","2a03:2880:f28a:ce:face:b00c:0:167","fd17:625c:f037:2:86e2:1afc:8ad3:8e30","TLSv1.2","145","Application Data"
"36","14.658301","fd17:625c:f037:2:86e2:1afc:8ad3:8e30","2a03:2880:f28a:ce:face:b00c:0:167","TCP","74","48826  >  443 [ACK] Seq=70 Ack=72 Win=65535 Len=0"
"37","15.361400","10.0.2.15","23.11.38.161","TCP","54","[TCP Dup ACK 15#1] 57446  >  80 [ACK] Seq=1 Ack=1 Win=61672 Len=0"
"38","15.363414","23.11.38.161","10.0.2.15","TCP","60","[TCP Dup ACK 16#1] 80  >  57446 [ACK] Seq=1 Ack=2 Win=65535 Len=0"
"39","15.377498","2a03:2880:f28a:ce:face:b00c:0:167","fd17:625c:f037:2:86e2:1afc:8ad3:8e30","TLSv1.2","179","Application Data"
"40","15.377679","fd17:625c:f037:2:86e2:1afc:8ad3:8e30","2a03:2880:f28a:ce:face:b00c:0:167","TCP","74","48826  >  443 [ACK] Seq=70 Ack=177 Win=65535 Len=0"
"41","15.500076","fd17:625c:f037:2:86e2:1afc:8ad3:8e30","2a03:2880:f28a:ce:face:b00c:0:167","TLSv1.2","162","Application Data"
"42","15.500870","2a03:2880:f28a:ce:face:b00c:0:167","fd17:625c:f037:2:86e2:1afc:8ad3:8e30","TCP","74","443  >  48826 [ACK] Seq=177 Ack=158 Win=65535 Len=0"
"43","17.152585","fd17:625c:f037:2:86e2:1afc:8ad3:8e30","2a03:2880:f28a:ce:face:b00c:0:167","TLSv1.2","104","Application Data"
"44","17.152842","fd17:625c:f037:2:86e2:1afc:8ad3:8e30","2a03:2880:f28a:ce:face:b00c:0:167","TCP","1514","48826  >  443 [ACK] Seq=188 Ack=177 Win=65535 Len=1440 [TCP PDU reassembled in 52]"
"45","17.152866","fd17:625c:f037:2:86e2:1afc:8ad3:8e30","2a03:2880:f28a:ce:face:b00c:0:167","TCP","1514","48826  >  443 [ACK] Seq=1628 Ack=177 Win=65535 Len=1440 [TCP PDU reassembled in 52]"
"46","17.152879","fd17:625c:f037:2:86e2:1afc:8ad3:8e30","2a03:2880:f28a:ce:face:b00c:0:167","TCP","1514","48826  >  443 [ACK] Seq=3068 Ack=177 Win=65535 Len=1440 [TCP PDU reassembled in 52]"
"47","17.152892","fd17:625c:f037:2:86e2:1afc:8ad3:8e30","2a03:2880:f28a:ce:face:b00c:0:167","TCP","1514","48826  >  443 [ACK] Seq=4508 Ack=177 Win=65535 Len=1440 [TCP PDU reassembled in 52]"
"48","17.152905","fd17:625c:f037:2:86e2:1afc:8ad3:8e30","2a03:2880:f28a:ce:face:b00c:0:167","TCP","1514","48826  >  443 [PSH, ACK] Seq=5948 Ack=177 Win=65535 Len=1440 [TCP PDU reassembled in 52]"
"49","17.153030","fd17:625c:f037:2:86e2:1afc:8ad3:8e30","2a03:2880:f28a:ce:face:b00c:0:167","TCP","1514","48826  >  443 [ACK] Seq=7388 Ack=177 Win=65535 Len=1440 [TCP PDU reassembled in 52]"
"50","17.153045","fd17:625c:f037:2:86e2:1afc:8ad3:8e30","2a03:2880:f28a:ce:face:b00c:0:167","TCP","1514","48826  >  443 [ACK] Seq=8828 Ack=177 Win=65535 Len=1440 [TCP PDU reassembled in 52]"
"51","17.153058","fd17:625c:f037:2:86e2:1afc:8ad3:8e30","2a03:2880:f28a:ce:face:b00c:0:167","TCP","1514","48826  >  443 [ACK] Seq=10268 Ack=177 Win=65535 Len=1440 [TCP PDU reassembled in 52]"
"52","17.153071","fd17:625c:f037:2:86e2:1afc:8ad3:8e30","2a03:2880:f28a:ce:face:b00c:0:167","TLSv1.2","721","Application Data"
"53","17.153238","2a03:2880:f28a:ce:face:b00c:0:167","fd17:625c:f037:2:86e2:1afc:8ad3:8e30","TCP","74","443  >  48826 [ACK] Seq=177 Ack=188 Win=65535 Len=0"
"54","17.153239","2a03:2880:f28a:ce:face:b00c:0:167","fd17:625c:f037:2:86e2:1afc:8ad3:8e30","TCP","74","443  >  48826 [ACK] Seq=177 Ack=1628 Win=65535 Len=0"
"55","17.153239","2a03:2880:f28a:ce:face:b00c:0:167","fd17:625c:f037:2:86e2:1afc:8ad3:8e30","TCP","74","443  >  48826 [ACK] Seq=177 Ack=3068 Win=65535 Len=0"
"56","17.153239","2a03:2880:f28a:ce:face:b00c:0:167","fd17:625c:f037:2:86e2:1afc:8ad3:8e30","TCP","74","443  >  48826 [ACK] Seq=177 Ack=4508 Win=65535 Len=0"
"57","17.153240","2a03:2880:f28a:ce:face:b00c:0:167","fd17:625c:f037:2:86e2:1afc:8ad3:8e30","TCP","74","443  >  48826 [ACK] Seq=177 Ack=5948 Win=65535 Len=0"
"58","17.153240","2a03:2880:f28a:ce:face:b00c:0:167","fd17:625c:f037:2:86e2:1afc:8ad3:8e30","TCP","74","443  >  48826 [ACK] Seq=177 Ack=7388 Win=65535 Len=0"
"59","17.153240","2a03:2880:f28a:ce:face:b00c:0:167","fd17:625c:f037:2:86e2:1afc:8ad3:8e30","TCP","74","443  >  48826 [ACK] Seq=177 Ack=8828 Win=65535 Len=0"
"60","17.153240","2a03:2880:f28a:ce:face:b00c:0:167","fd17:625c:f037:2:86e2:1afc:8ad3:8e30","TCP","74","443  >  48826 [ACK] Seq=177 Ack=10268 Win=65535 Len=0"
"61","17.153291","2a03:2880:f28a:ce:face:b00c:0:167","fd17:625c:f037:2:86e2:1afc:8ad3:8e30","TCP","74","443  >  48826 [ACK] Seq=177 Ack=11708 Win=65535 Len=0"
"62","17.153291","2a03:2880:f28a:ce:face:b00c:0:167","fd17:625c:f037:2:86e2:1afc:8ad3:8e30","TCP","74","443  >  48826 [ACK] Seq=177 Ack=12355 Win=65535 Len=0"
"63","18.958560","2a03:2880:f28a:ce:face:b00c:0:167","fd17:625c:f037:2:86e2:1afc:8ad3:8e30","TCP","1514","443  >  48826 [ACK] Seq=177 Ack=12355 Win=65535 Len=1440 [TCP PDU reassembled in 65]"
"64","18.958886","fd17:625c:f037:2:86e2:1afc:8ad3:8e30","2a03:2880:f28a:ce:face:b00c:0:167","TCP","74","48826  >  443 [ACK] Seq=12355 Ack=1617 Win=65535 Len=0"
"65","18.960067","2a03:2880:f28a:ce:face:b00c:0:167","fd17:625c:f037:2:86e2:1afc:8ad3:8e30","TLSv1.2","2954","Application Data, Application Data"
"66","18.960188","fd17:625c:f037:2:86e2:1afc:8ad3:8e30","2a03:2880:f28a:ce:face:b00c:0:167","TCP","74","48826  >  443 [ACK] Seq=12355 Ack=4497 Win=65535 Len=0"
"67","18.961145","2a03:2880:f28a:ce:face:b00c:0:167","fd17:625c:f037:2:86e2:1afc:8ad3:8e30","TLSv1.2","4394","Application Data"
"68","18.961255","fd17:625c:f037:2:86e2:1afc:8ad3:8e30","2a03:2880:f28a:ce:face:b00c:0:167","TCP","74","48826  >  443 [ACK] Seq=12355 Ack=8817 Win=65535 Len=0"
"69","18.962072","2a03:2880:f28a:ce:face:b00c:0:167","fd17:625c:f037:2:86e2:1afc:8ad3:8e30","TLSv1.2","5834","Application Data"
"70","18.962209","fd17:625c:f037:2:86e2:1afc:8ad3:8e30","2a03:2880:f28a:ce:face:b00c:0:167","TCP","74","48826  >  443 [ACK] Seq=12355 Ack=14577 Win=65535 Len=0"
"71","18.963040","2a03:2880:f28a:ce:face:b00c:0:167","fd17:625c:f037:2:86e2:1afc:8ad3:8e30","TLSv1.2","3553","Application Data, Application Data"
"72","18.963135","fd17:625c:f037:2:86e2:1afc:8ad3:8e30","2a03:2880:f28a:ce:face:b00c:0:167","TCP","74","48826  >  443 [ACK] Seq=12355 Ack=18056 Win=65535 Len=0"
"73","18.972777","2a03:2880:f28a:ce:face:b00c:0:167","fd17:625c:f037:2:86e2:1afc:8ad3:8e30","TLSv1.2","8055","Application Data, Application Data"
"74","18.972876","fd17:625c:f037:2:86e2:1afc:8ad3:8e30","2a03:2880:f28a:ce:face:b00c:0:167","TCP","74","48826  >  443 [ACK] Seq=12355 Ack=26037 Win=65535 Len=0"
"75","18.973509","2a03:2880:f28a:ce:face:b00c:0:167","fd17:625c:f037:2:86e2:1afc:8ad3:8e30","TCP","1374","443  >  48826 [PSH, ACK] Seq=26037 Ack=12355 Win=65535 Len=1300 [TCP PDU reassembled in 77]"
"76","18.973524","fd17:625c:f037:2:86e2:1afc:8ad3:8e30","2a03:2880:f28a:ce:face:b00c:0:167","TCP","74","48826  >  443 [ACK] Seq=12355 Ack=27337 Win=65535 Len=0"
"77","18.980988","2a03:2880:f28a:ce:face:b00c:0:167","fd17:625c:f037:2:86e2:1afc:8ad3:8e30","TLSv1.2","1560","Application Data"
"78","18.980989","2a03:2880:f28a:ce:face:b00c:0:167","fd17:625c:f037:2:86e2:1afc:8ad3:8e30","TCP","2674","443  >  48826 [PSH, ACK] Seq=28823 Ack=12355 Win=65535 Len=2600 [TCP PDU reassembled in 81]"
"79","18.981086","fd17:625c:f037:2:86e2:1afc:8ad3:8e30","2a03:2880:f28a:ce:face:b00c:0:167","TCP","74","48826  >  443 [ACK] Seq=12355 Ack=28823 Win=65535 Len=0"
"80","18.981222","fd17:625c:f037:2:86e2:1afc:8ad3:8e30","2a03:2880:f28a:ce:face:b00c:0:167","TCP","74","48826  >  443 [ACK] Seq=12355 Ack=31423 Win=65535 Len=0"
"81","18.985024","2a03:2880:f28a:ce:face:b00c:0:167","fd17:625c:f037:2:86e2:1afc:8ad3:8e30","TLSv1.2","1560","Application Data"
"82","18.985108","fd17:625c:f037:2:86e2:1afc:8ad3:8e30","2a03:2880:f28a:ce:face:b00c:0:167","TCP","74","48826  >  443 [ACK] Seq=12355 Ack=32909 Win=65535 Len=0"
"83","18.987518","2a03:2880:f28a:ce:face:b00c:0:167","fd17:625c:f037:2:86e2:1afc:8ad3:8e30","TLSv1.2","1587","Application Data"
"84","18.987890","fd17:625c:f037:2:86e2:1afc:8ad3:8e30","2a03:2880:f28a:ce:face:b00c:0:167","TCP","74","48826  >  443 [ACK] Seq=12355 Ack=34422 Win=65535 Len=0"
"85","18.989429","2a03:2880:f28a:ce:face:b00c:0:167","fd17:625c:f037:2:86e2:1afc:8ad3:8e30","TLSv1.2","2669","Application Data"
"86","18.989430","2a03:2880:f28a:ce:face:b00c:0:167","fd17:625c:f037:2:86e2:1afc:8ad3:8e30","TLSv1.2","2674","Application Data"
"87","18.989449","fd17:625c:f037:2:86e2:1afc:8ad3:8e30","2a03:2880:f28a:ce:face:b00c:0:167","TCP","74","48826  >  443 [ACK] Seq=12355 Ack=37017 Win=65535 Len=0"
"88","18.989615","fd17:625c:f037:2:86e2:1afc:8ad3:8e30","2a03:2880:f28a:ce:face:b00c:0:167","TCP","74","48826  >  443 [ACK] Seq=12355 Ack=39617 Win=65535 Len=0"
"89","18.996339","2a03:2880:f28a:ce:face:b00c:0:167","fd17:625c:f037:2:86e2:1afc:8ad3:8e30","TLSv1.2","587","Application Data"
"90","18.996431","fd17:625c:f037:2:86e2:1afc:8ad3:8e30","2a03:2880:f28a:ce:face:b00c:0:167","TCP","74","48826  >  443 [ACK] Seq=12355 Ack=40130 Win=65535 Len=0"
"91","19.784297","fd17:625c:f037:2:86e2:1afc:8ad3:8e30","2a03:2880:f28a:ce:face:b00c:0:167","TLSv1.2","104","Application Data"
"92","19.784656","fd17:625c:f037:2:86e2:1afc:8ad3:8e30","2a03:2880:f28a:ce:face:b00c:0:167","TCP","1514","48826  >  443 [ACK] Seq=12385 Ack=40130 Win=65535 Len=1440 [TCP PDU reassembled in 95]"
"93","19.784709","fd17:625c:f037:2:86e2:1afc:8ad3:8e30","2a03:2880:f28a:ce:face:b00c:0:167","TCP","1514","48826  >  443 [ACK] Seq=13825 Ack=40130 Win=65535 Len=1440 [TCP PDU reassembled in 95]"
"94","19.784728","fd17:625c:f037:2:86e2:1afc:8ad3:8e30","2a03:2880:f28a:ce:face:b00c:0:167","TCP","1514","48826  >  443 [ACK] Seq=15265 Ack=40130 Win=65535 Len=1440 [TCP PDU reassembled in 95]"
"95","19.784745","fd17:625c:f037:2:86e2:1afc:8ad3:8e30","2a03:2880:f28a:ce:face:b00c:0:167","TLSv1.2","414","Application Data"
"96","19.784856","2a03:2880:f28a:ce:face:b00c:0:167","fd17:625c:f037:2:86e2:1afc:8ad3:8e30","TCP","74","443  >  48826 [ACK] Seq=40130 Ack=12385 Win=65535 Len=0"
"97","19.785395","2a03:2880:f28a:ce:face:b00c:0:167","fd17:625c:f037:2:86e2:1afc:8ad3:8e30","TCP","74","443  >  48826 [ACK] Seq=40130 Ack=13825 Win=65535 Len=0"
"98","19.785395","2a03:2880:f28a:ce:face:b00c:0:167","fd17:625c:f037:2:86e2:1afc:8ad3:8e30","TCP","74","443  >  48826 [ACK] Seq=40130 Ack=15265 Win=65535 Len=0"
"99","19.785395","2a03:2880:f28a:ce:face:b00c:0:167","fd17:625c:f037:2:86e2:1afc:8ad3:8e30","TCP","74","443  >  48826 [ACK] Seq=40130 Ack=16705 Win=65535 Len=0"
"100","19.785396","2a03:2880:f28a:ce:face:b00c:0:167","fd17:625c:f037:2:86e2:1afc:8ad3:8e30","TCP","74","443  >  48826 [ACK] Seq=40130 Ack=17045 Win=65535 Len=0"
"101","22.976241","10.0.2.15","163.70.146.60","TLSv1.2","93","Application Data"
"102","22.977012","163.70.146.60","10.0.2.15","TCP","60","443  >  50166 [ACK] Seq=1 Ack=40 Win=65535 Len=0"
"103","24.278605","2a03:2880:f28a:ce:face:b00c:0:167","fd17:625c:f037:2:86e2:1afc:8ad3:8e30","TLSv1.2","204","Application Data"
"104","24.278757","fd17:625c:f037:2:86e2:1afc:8ad3:8e30","2a03:2880:f28a:ce:face:b00c:0:167","TCP","74","48826  >  443 [ACK] Seq=17045 Ack=40260 Win=65535 Len=0"
"105","24.285207","fd17:625c:f037:2:86e2:1afc:8ad3:8e30","2a03:2880:f28a:ce:face:b00c:0:167","TLSv1.2","147","Application Data"
"106","24.286132","2a03:2880:f28a:ce:face:b00c:0:167","fd17:625c:f037:2:86e2:1afc:8ad3:8e30","TCP","74","443  >  48826 [ACK] Seq=40260 Ack=17118 Win=65535 Len=0"
"107","24.363715","163.70.146.60","10.0.2.15","TLSv1.2","93","Application Data"
"108","24.363824","10.0.2.15","163.70.146.60","TCP","54","50166  >  443 [ACK] Seq=40 Ack=40 Win=65535 Len=0"
"109","25.600116","10.0.2.15","23.11.38.161","TCP","54","[TCP Dup ACK 15#2] 57446  >  80 [ACK] Seq=1 Ack=1 Win=61672 Len=0"
"110","25.601147","23.11.38.161","10.0.2.15","TCP","60","[TCP Dup ACK 16#2] 80  >  57446 [ACK] Seq=1 Ack=2 Win=65535 Len=0"
"111","35.840524","10.0.2.15","23.11.38.161","TCP","54","[TCP Dup ACK 15#3] 57446  >  80 [ACK] Seq=1 Ack=1 Win=61672 Len=0"
"112","35.841422","23.11.38.161","10.0.2.15","TCP","60","[TCP Dup ACK 16#3] 80  >  57446 [ACK] Seq=1 Ack=2 Win=65535 Len=0"
"113","38.979241","2a03:2880:f28a:ce:face:b00c:0:167","fd17:625c:f037:2:86e2:1afc:8ad3:8e30","TCP","74","443  >  48826 [RST, ACK] Seq=40260 Ack=17118 Win=65535 Len=0"
"114","39.000255","fd17:625c:f037:2:86e2:1afc:8ad3:8e30","2a03:2880:f28a:ce:face:b00c:0:167","TLSv1.2","149","Application Data"
"115","39.000891","2a03:2880:f28a:ce:face:b00c:0:167","fd17:625c:f037:2:86e2:1afc:8ad3:8e30","TCP","74","443  >  48820 [ACK] Seq=2709 Ack=3329 Win=65535 Len=0"
"116","39.000962","10.0.2.15","10.95.98.128","DNS","76","Standard query 0x41d9 HTTPS web.whatsapp.com"
"117","39.115086","10.0.2.15","10.95.98.128","DNS","76","Standard query 0x4a73 A web.whatsapp.com"
"118","39.341219","10.0.2.15","10.95.98.128","DNS","76","Standard query 0xab19 A web.whatsapp.com"
"119","41.782466","2a03:2880:f28a:ce:face:b00c:0:167","fd17:625c:f037:2:86e2:1afc:8ad3:8e30","TLSv1.2","272","Application Data, Application Data, Application Data"
"120","41.782958","fd17:625c:f037:2:86e2:1afc:8ad3:8e30","2a03:2880:f28a:ce:face:b00c:0:167","TCP","74","48820  >  443 [ACK] Seq=3329 Ack=2907 Win=65535 Len=0"
"121","44.006146","fd17:625c:f037:2:86e2:1afc:8ad3:8e30","fd17:625c:f037:2::3","DNS","96","Standard query 0x41d9 HTTPS web.whatsapp.com"
"122","44.123162","fd17:625c:f037:2:86e2:1afc:8ad3:8e30","fd17:625c:f037:2::3","DNS","96","Standard query 0x4a73 A web.whatsapp.com"
"123","44.344524","fd17:625c:f037:2:86e2:1afc:8ad3:8e30","fd17:625c:f037:2::3","DNS","96","Standard query 0xab19 A web.whatsapp.com"
"124","44.351869","fd17:625c:f037:2::3","fd17:625c:f037:2:86e2:1afc:8ad3:8e30","DNS","149","Standard query response 0xab19 A web.whatsapp.com CNAME mmx-ds.cdn.whatsapp.net A 163.70.146.60"
"125","44.353786","10.0.2.15","163.70.146.60","TCP","74","52472  >  443 [SYN] Seq=0 Win=64240 Len=0 MSS=1460 SACK_PERM TSval=58327233 TSecr=0 WS=512"
"126","44.354207","10.0.2.15","163.70.146.60","TCP","74","52478  >  443 [SYN] Seq=0 Win=64240 Len=0 MSS=1460 SACK_PERM TSval=58327233 TSecr=0 WS=512"
"127","44.413898","fd17:625c:f037:2::3","fd17:625c:f037:2:86e2:1afc:8ad3:8e30","DNS","178","Standard query response 0x41d9 HTTPS web.whatsapp.com CNAME mmx-ds.cdn.whatsapp.net SOA a.ns.whatsapp.net"
"128","44.493815","fd17:625c:f037:2::3","fd17:625c:f037:2:86e2:1afc:8ad3:8e30","DNS","149","Standard query response 0x4a73 A web.whatsapp.com CNAME mmx-ds.cdn.whatsapp.net A 163.70.146.60"
"129","44.494657","fd17:625c:f037:2:86e2:1afc:8ad3:8e30","fd17:625c:f037:2::3","DNS","96","Standard query 0x6f7d AAAA web.whatsapp.com"
"130","44.501004","fd17:625c:f037:2::3","fd17:625c:f037:2:86e2:1afc:8ad3:8e30","DNS","161","Standard query response 0x6f7d AAAA web.whatsapp.com CNAME mmx-ds.cdn.whatsapp.net AAAA 2a03:2880:f28a:ce:face:b00c:0:167"
"131","44.555794","163.70.146.60","10.0.2.15","TCP","60","443  >  52472 [SYN, ACK] Seq=0 Ack=1 Win=65535 Len=0 MSS=1460"
"132","44.555796","163.70.146.60","10.0.2.15","TCP","60","443  >  52478 [SYN, ACK] Seq=0 Ack=1 Win=65535 Len=0 MSS=1460"
"133","44.555850","10.0.2.15","163.70.146.60","TCP","54","52472  >  443 [ACK] Seq=1 Ack=1 Win=64240 Len=0"
"134","44.556045","10.0.2.15","163.70.146.60","TCP","54","52478  >  443 [ACK] Seq=1 Ack=1 Win=64240 Len=0"
"135","44.559265","10.0.2.15","163.70.146.60","TLSv1.3","1952","Client Hello (SNI=web.whatsapp.com)"
"136","44.560421","163.70.146.60","10.0.2.15","TCP","60","443  >  52478 [ACK] Seq=1 Ack=1461 Win=65535 Len=0"
"137","44.560422","163.70.146.60","10.0.2.15","TCP","60","443  >  52478 [ACK] Seq=1 Ack=1899 Win=65535 Len=0"
"138","44.563311","10.0.2.15","163.70.146.60","TLSv1.3","2329","Client Hello (SNI=web.whatsapp.com)"
"139","44.564577","163.70.146.60","10.0.2.15","TCP","60","443  >  52472 [ACK] Seq=1 Ack=1461 Win=65535 Len=0"
"140","44.564578","163.70.146.60","10.0.2.15","TCP","60","443  >  52472 [ACK] Seq=1 Ack=2276 Win=65535 Len=0"
"141","44.566041","10.0.2.15","163.70.146.60","TLSv1.3","60","Change Cipher Spec"
"142","44.566772","163.70.146.60","10.0.2.15","TCP","60","443  >  52472 [ACK] Seq=1 Ack=2282 Win=65535 Len=0"
"143","46.080487","10.0.2.15","23.11.38.161","TCP","54","[TCP Dup ACK 15#4] 57446  >  80 [ACK] Seq=1 Ack=1 Win=61672 Len=0"
"144","46.081281","23.11.38.161","10.0.2.15","TCP","60","[TCP Dup ACK 16#4] 80  >  57446 [ACK] Seq=1 Ack=2 Win=65535 Len=0"
"145","49.152804","fe80::a00:27ff:fee3:7c93","fd17:625c:f037:2::3","ICMPv6","86","Neighbor Solicitation for fd17:625c:f037:2::3 from 08:00:27:e3:7c:93"
"146","49.153459","fd17:625c:f037:2::3","fe80::a00:27ff:fee3:7c93","ICMPv6","86","Neighbor Advertisement fd17:625c:f037:2::3 (rtr, sol, ovr) is at 52:54:00:12:35:00"
"147","50.775981","fe80::2","ff02::1","ICMPv6","134","Router Advertisement from 52:54:00:12:35:00"
"148","50.792990","fe80::a00:27ff:fee3:7c93","ff02::16","ICMPv6","110","Multicast Listener Report Message v2"
"149","51.816982","fe80::a00:27ff:fee3:7c93","ff02::16","ICMPv6","110","Multicast Listener Report Message v2"
"150","54.784430","10.0.2.15","163.70.146.60","TCP","54","[TCP Keep-Alive] 52472  >  443 [ACK] Seq=2281 Ack=1 Win=64240 Len=0"
"151","54.784969","10.0.2.15","163.70.146.60","TCP","54","[TCP Keep-Alive] 52478  >  443 [ACK] Seq=1898 Ack=1 Win=64240 Len=0"
"152","54.785155","163.70.146.60","10.0.2.15","TCP","60","[TCP Keep-Alive ACK] 443  >  52472 [ACK] Seq=1 Ack=2282 Win=65535 Len=0"
"153","54.785726","163.70.146.60","10.0.2.15","TCP","60","[TCP Keep-Alive ACK] 443  >  52478 [ACK] Seq=1 Ack=1899 Win=65535 Len=0"
"154","56.321133","10.0.2.15","23.11.38.161","TCP","54","[TCP Dup ACK 15#5] 57446  >  80 [ACK] Seq=1 Ack=1 Win=61672 Len=0"
"155","56.322059","23.11.38.161","10.0.2.15","TCP","60","[TCP Dup ACK 16#5] 80  >  57446 [ACK] Seq=1 Ack=2 Win=65535 Len=0"
"156","57.826443","163.70.146.60","10.0.2.15","TLSv1.3","1354","Server Hello, Change Cipher Spec"
"157","57.826555","10.0.2.15","163.70.146.60","TCP","54","52472  >  443 [ACK] Seq=2282 Ack=1301 Win=65535 Len=0"
"158","57.861635","163.70.146.60","10.0.2.15","TLSv1.3","775","Application Data"
"159","57.861795","10.0.2.15","163.70.146.60","TCP","54","52472  >  443 [ACK] Seq=2282 Ack=2022 Win=65535 Len=0"
"160","57.862615","10.0.2.15","163.70.146.60","TLSv1.3","138","Application Data, Application Data"
"161","57.863766","10.0.2.15","163.70.146.60","TLSv1.3","78","Application Data"
"162","57.864107","163.70.146.60","10.0.2.15","TCP","60","443  >  52472 [ACK] Seq=2022 Ack=2366 Win=65535 Len=0"
"163","57.864346","10.0.2.15","163.70.146.60","TCP","54","52472  >  443 [FIN, ACK] Seq=2390 Ack=2022 Win=65535 Len=0"
"164","57.864671","163.70.146.60","10.0.2.15","TCP","60","443  >  52472 [ACK] Seq=2022 Ack=2390 Win=65535 Len=0"
"165","57.864672","163.70.146.60","10.0.2.15","TCP","60","443  >  52472 [ACK] Seq=2022 Ack=2391 Win=65535 Len=0"
"166","58.521283","163.70.146.60","10.0.2.15","TLSv1.3","239","Application Data"
"167","58.521347","10.0.2.15","163.70.146.60","TCP","54","52472  >  443 [RST] Seq=2391 Win=0 Len=0"
"168","60.356538","fd17:625c:f037:2:86e2:1afc:8ad3:8e30","2a03:2880:f28a:ce:face:b00c:0:167","TCP","113","58438  >  5222 [PSH, ACK] Seq=40 Ack=40 Win=65535 Len=39 [TCP PDU reassembled in 411]"
"169","60.357225","10.0.2.15","163.70.146.60","TLSv1.2","93","Application Data"
"170","60.357282","2a03:2880:f28a:ce:face:b00c:0:167","fd17:625c:f037:2:86e2:1afc:8ad3:8e30","TCP","74","5222  >  58438 [ACK] Seq=40 Ack=79 Win=65535 Len=0"
"171","60.358003","163.70.146.60","10.0.2.15","TCP","60","443  >  49762 [ACK] Seq=40 Ack=79 Win=65535 Len=0"
"172","60.362852","10.0.2.15","163.70.146.60","TCP","74","32828  >  5222 [SYN] Seq=0 Win=64240 Len=0 MSS=1460 SACK_PERM TSval=58343242 TSecr=0 WS=512"
"173","60.450194","2a03:2880:f28a:ce:face:b00c:0:167","fd17:625c:f037:2:86e2:1afc:8ad3:8e30","TCP","113","5222  >  58438 [PSH, ACK] Seq=40 Ack=79 Win=65535 Len=39 [TCP PDU reassembled in 414]"
"174","60.450196","163.70.146.60","10.0.2.15","TLSv1.2","93","Application Data"
"175","60.450339","fd17:625c:f037:2:86e2:1afc:8ad3:8e30","2a03:2880:f28a:ce:face:b00c:0:167","TCP","74","58438  >  5222 [ACK] Seq=79 Ack=79 Win=65535 Len=0"
"176","60.450577","10.0.2.15","163.70.146.60","TCP","54","49762  >  443 [ACK] Seq=79 Ack=79 Win=65535 Len=0"
"177","60.477606","163.70.146.60","10.0.2.15","TCP","60","5222  >  32828 [SYN, ACK] Seq=0 Ack=1 Win=65535 Len=0 MSS=1460"
"178","60.477777","10.0.2.15","163.70.146.60","TCP","54","32828  >  5222 [ACK] Seq=1 Ack=1 Win=64240 Len=0"
"179","60.481380","10.0.2.15","163.70.146.60","TCP","2329","32828  >  5222 [PSH, ACK] Seq=1 Ack=1 Win=64240 Len=2275 [TCP PDU reassembled in 402]"
"180","60.482358","163.70.146.60","10.0.2.15","TCP","60","5222  >  32828 [ACK] Seq=1 Ack=1461 Win=65535 Len=0"
"181","60.482359","163.70.146.60","10.0.2.15","TCP","60","5222  >  32828 [ACK] Seq=1 Ack=2276 Win=65535 Len=0"
"182","60.482386","10.0.2.15","163.70.146.60","TCP","885","32828  >  5222 [PSH, ACK] Seq=2276 Ack=1 Win=64240 Len=831 [TCP PDU reassembled in 402]"
"183","60.483107","163.70.146.60","10.0.2.15","TCP","60","5222  >  32828 [ACK] Seq=1 Ack=3107 Win=65535 Len=0"
"184","61.861959","163.70.146.60","10.0.2.15","TCP","1494","5222  >  32828 [ACK] Seq=1 Ack=3107 Win=65535 Len=1440 [TCP PDU reassembled in 450]"
"185","61.861960","163.70.146.60","10.0.2.15","TCP","823","5222  >  32828 [PSH, ACK] Seq=1441 Ack=3107 Win=65535 Len=769 [TCP PDU reassembled in 450]"
"186","61.862142","10.0.2.15","163.70.146.60","TCP","54","32828  >  5222 [ACK] Seq=3107 Ack=1441 Win=65535 Len=0"
"187","61.862321","10.0.2.15","163.70.146.60","TCP","54","32828  >  5222 [ACK] Seq=3107 Ack=2210 Win=65535 Len=0"
"188","61.865668","10.0.2.15","163.70.146.60","TCP","138","32828  >  5222 [PSH, ACK] Seq=3107 Ack=2210 Win=65535 Len=84 [TCP PDU reassembled in 402]"
"189","61.866681","163.70.146.60","10.0.2.15","TCP","60","5222  >  32828 [ACK] Seq=2210 Ack=3191 Win=65535 Len=0"
"190","62.104135","10.0.2.15","163.70.146.60","TCP","296","32828  >  5222 [PSH, ACK] Seq=3191 Ack=2210 Win=65535 Len=242 [TCP PDU reassembled in 402]"
"191","62.104734","163.70.146.60","10.0.2.15","TCP","60","5222  >  32828 [ACK] Seq=2210 Ack=3433 Win=65535 Len=0"
"192","62.935382","163.70.146.60","10.0.2.15","TCP","239","5222  >  32828 [PSH, ACK] Seq=2210 Ack=3433 Win=65535 Len=185 [TCP PDU reassembled in 450]"
"193","62.980227","10.0.2.15","163.70.146.60","TCP","54","32828  >  5222 [ACK] Seq=3433 Ack=2395 Win=65535 Len=0"
"194","63.553976","163.70.146.60","10.0.2.15","TCP","270","5222  >  32828 [PSH, ACK] Seq=2395 Ack=3433 Win=65535 Len=216 [TCP PDU reassembled in 450]"
"195","63.554172","10.0.2.15","163.70.146.60","TCP","54","32828  >  5222 [ACK] Seq=3433 Ack=2611 Win=65535 Len=0"
"196","63.631963","fd17:625c:f037:2:86e2:1afc:8ad3:8e30","2a03:2880:f28a:ce:face:b00c:0:167","TLSv1.2","149","Application Data"
"197","63.632808","2a03:2880:f28a:ce:face:b00c:0:167","fd17:625c:f037:2:86e2:1afc:8ad3:8e30","TCP","74","443  >  48820 [ACK] Seq=2907 Ack=3404 Win=65535 Len=0"
"198","63.676954","10.0.2.15","163.70.146.60","TCP","126","32828  >  5222 [PSH, ACK] Seq=3433 Ack=2611 Win=65535 Len=72 [TCP PDU reassembled in 402]"
"199","63.677670","163.70.146.60","10.0.2.15","TCP","60","5222  >  32828 [ACK] Seq=2611 Ack=3505 Win=65535 Len=0"
"200","63.678367","10.0.2.15","163.70.146.60","TCP","84","32828  >  5222 [PSH, ACK] Seq=3505 Ack=2611 Win=65535 Len=30 [TCP PDU reassembled in 402]"
"201","63.678607","10.0.2.15","163.70.146.60","TCP","4714","32828  >  5222 [PSH, ACK] Seq=3535 Ack=2611 Win=65535 Len=4660 [TCP PDU reassembled in 402]"
"202","63.678882","163.70.146.60","10.0.2.15","TCP","60","5222  >  32828 [ACK] Seq=2611 Ack=3535 Win=65535 Len=0"
"203","63.679442","163.70.146.60","10.0.2.15","TCP","60","5222  >  32828 [ACK] Seq=2611 Ack=4995 Win=65535 Len=0"
"204","63.679442","163.70.146.60","10.0.2.15","TCP","60","5222  >  32828 [ACK] Seq=2611 Ack=6455 Win=65535 Len=0"
"205","63.679443","163.70.146.60","10.0.2.15","TCP","60","5222  >  32828 [ACK] Seq=2611 Ack=7915 Win=65535 Len=0"
"206","63.679443","163.70.146.60","10.0.2.15","TCP","60","5222  >  32828 [ACK] Seq=2611 Ack=8195 Win=65535 Len=0"
"207","63.778546","163.70.146.60","10.0.2.15","TCP","126","5222  >  32828 [PSH, ACK] Seq=2611 Ack=8195 Win=65535 Len=72 [TCP PDU reassembled in 450]"
"208","63.778641","10.0.2.15","163.70.146.60","TCP","54","32828  >  5222 [ACK] Seq=8195 Ack=2683 Win=65535 Len=0"
"209","63.941373","10.0.2.15","163.70.146.60","TCP","128","32828  >  5222 [PSH, ACK] Seq=8195 Ack=2683 Win=65535 Len=74 [TCP PDU reassembled in 402]"
"210","63.941887","10.0.2.15","163.70.146.60","TCP","145","32828  >  5222 [PSH, ACK] Seq=8269 Ack=2683 Win=65535 Len=91 [TCP PDU reassembled in 402]"
"211","63.942073","10.0.2.15","163.70.146.60","TCP","145","32828  >  5222 [PSH, ACK] Seq=8360 Ack=2683 Win=65535 Len=91 [TCP PDU reassembled in 402]"
"212","63.942103","163.70.146.60","10.0.2.15","TCP","60","5222  >  32828 [ACK] Seq=2683 Ack=8269 Win=65535 Len=0"
"213","63.942637","163.70.146.60","10.0.2.15","TCP","60","5222  >  32828 [ACK] Seq=2683 Ack=8360 Win=65535 Len=0"
"214","63.942638","163.70.146.60","10.0.2.15","TCP","60","5222  >  32828 [ACK] Seq=2683 Ack=8451 Win=65535 Len=0"
"215","63.944272","10.0.2.15","163.70.146.60","TCP","142","32828  >  5222 [PSH, ACK] Seq=8451 Ack=2683 Win=65535 Len=88 [TCP PDU reassembled in 402]"
"216","63.944548","10.0.2.15","163.70.146.60","TCP","211","32828  >  5222 [PSH, ACK] Seq=8539 Ack=2683 Win=65535 Len=157 [TCP PDU reassembled in 402]"
"217","63.944742","163.70.146.60","10.0.2.15","TCP","60","5222  >  32828 [ACK] Seq=2683 Ack=8539 Win=65535 Len=0"
"218","63.944744","163.70.146.60","10.0.2.15","TCP","60","5222  >  32828 [ACK] Seq=2683 Ack=8696 Win=65535 Len=0"
"219","64.976543","2a03:2880:f28a:ce:face:b00c:0:167","fd17:625c:f037:2:86e2:1afc:8ad3:8e30","TLSv1.2","272","Application Data, Application Data, Application Data"
"220","64.976725","fd17:625c:f037:2:86e2:1afc:8ad3:8e30","2a03:2880:f28a:ce:face:b00c:0:167","TCP","74","48820  >  443 [ACK] Seq=3404 Ack=3105 Win=65535 Len=0"
"221","65.025357","10.0.2.15","163.70.146.60","TCP","54","[TCP Keep-Alive] 52478  >  443 [ACK] Seq=1898 Ack=1 Win=64240 Len=0"
"222","65.026242","163.70.146.60","10.0.2.15","TCP","60","[TCP Keep-Alive ACK] 443  >  52478 [ACK] Seq=1 Ack=1899 Win=65535 Len=0"
"223","66.560110","10.0.2.15","23.11.38.161","TCP","54","[TCP Dup ACK 15#6] 57446  >  80 [ACK] Seq=1 Ack=1 Win=61672 Len=0"
"224","66.560858","23.11.38.161","10.0.2.15","TCP","60","[TCP Dup ACK 16#6] 80  >  57446 [ACK] Seq=1 Ack=2 Win=65535 Len=0"
"225","67.478579","163.70.146.60","10.0.2.15","TLSv1.3","1354","Server Hello, Change Cipher Spec"
"226","67.478755","10.0.2.15","163.70.146.60","TCP","54","52478  >  443 [ACK] Seq=1899 Ack=1301 Win=65535 Len=0"
"227","67.479810","163.70.146.60","10.0.2.15","TLSv1.3","1494","Application Data"
"228","67.479811","163.70.146.60","10.0.2.15","TLSv1.3","1494","Application Data"
"229","67.479831","10.0.2.15","163.70.146.60","TCP","54","52478  >  443 [ACK] Seq=1899 Ack=2741 Win=65535 Len=0"
"230","67.479955","10.0.2.15","163.70.146.60","TCP","54","52478  >  443 [ACK] Seq=1899 Ack=4181 Win=65535 Len=0"
"231","67.480539","163.70.146.60","10.0.2.15","TLSv1.3","88","Application Data"
"232","67.480544","10.0.2.15","163.70.146.60","TCP","54","52478  >  443 [ACK] Seq=1899 Ack=4215 Win=65535 Len=0"
"233","67.487451","10.0.2.15","23.11.38.161","OCSP","485","[TCP Previous segment not captured] Request"
"234","67.488184","23.11.38.161","10.0.2.15","TCP","60","80  >  57446 [ACK] Seq=1 Ack=433 Win=65535 Len=0"
"235","69.489209","10.0.2.15","163.70.146.60","TLSv1.3","118","Change Cipher Spec, Application Data"
"236","69.489952","10.0.2.15","163.70.146.60","TLSv1.3","876","Application Data"
"237","69.490117","163.70.146.60","10.0.2.15","TCP","60","443  >  52478 [ACK] Seq=4215 Ack=1963 Win=65535 Len=0"
"238","69.490759","163.70.146.60","10.0.2.15","TCP","60","443  >  52478 [ACK] Seq=4215 Ack=2785 Win=65535 Len=0"
"239","70.335889","23.11.38.161","10.0.2.15","OCSP","696","Response"
"240","70.336054","10.0.2.15","23.11.38.161","TCP","54","57446  >  80 [ACK] Seq=433 Ack=643 Win=61030 Len=0"
"241","71.017055","163.70.146.60","10.0.2.15","TLSv1.3","239","Application Data"
"242","71.017188","10.0.2.15","163.70.146.60","TCP","54","52478  >  443 [ACK] Seq=2785 Ack=4400 Win=65535 Len=0"
"243","71.670475","163.70.146.60","10.0.2.15","TLSv1.3","242","Application Data"
"244","71.670674","10.0.2.15","163.70.146.60","TCP","54","52478  >  443 [ACK] Seq=2785 Ack=4588 Win=65535 Len=0"
"245","71.674624","10.0.2.15","163.70.146.60","TLSv1.3","78","Application Data"
"246","71.674948","10.0.2.15","163.70.146.60","TCP","54","52478  >  443 [FIN, ACK] Seq=2809 Ack=4588 Win=65535 Len=0"
"247","71.675536","163.70.146.60","10.0.2.15","TCP","60","443  >  52478 [ACK] Seq=4588 Ack=2809 Win=65535 Len=0"
"248","71.675538","163.70.146.60","10.0.2.15","TCP","60","443  >  52478 [ACK] Seq=4588 Ack=2810 Win=65535 Len=0"
"249","73.305782","163.70.146.60","10.0.2.15","TCP","1494","5222  >  32828 [ACK] Seq=2683 Ack=8696 Win=65535 Len=1440 [TCP PDU reassembled in 450]"
"250","73.305904","10.0.2.15","163.70.146.60","TCP","54","32828  >  5222 [ACK] Seq=8696 Ack=4123 Win=65535 Len=0"
"251","73.307034","163.70.146.60","10.0.2.15","TCP","198","5222  >  32828 [PSH, ACK] Seq=4123 Ack=8696 Win=65535 Len=144 [TCP PDU reassembled in 450]"
"252","73.307138","10.0.2.15","163.70.146.60","TCP","54","32828  >  5222 [ACK] Seq=8696 Ack=4267 Win=65535 Len=0"
"253","73.311235","163.70.146.60","10.0.2.15","TCP","1354","5222  >  32828 [PSH, ACK] Seq=4267 Ack=8696 Win=65535 Len=1300 [TCP PDU reassembled in 450]"
"254","73.311330","10.0.2.15","163.70.146.60","TCP","54","32828  >  5222 [ACK] Seq=8696 Ack=5567 Win=65535 Len=0"
"255","73.322788","10.0.2.15","163.70.146.60","TCP","130","32828  >  5222 [PSH, ACK] Seq=8696 Ack=5567 Win=65535 Len=76 [TCP PDU reassembled in 402]"
"256","73.324201","163.70.146.60","10.0.2.15","TCP","60","5222  >  32828 [ACK] Seq=5567 Ack=8772 Win=65535 Len=0"
"257","73.325336","163.70.146.60","10.0.2.15","TCP","993","5222  >  32828 [PSH, ACK] Seq=5567 Ack=8772 Win=65535 Len=939 [TCP PDU reassembled in 450]"
"258","73.346533","163.70.146.60","10.0.2.15","TCP","1494","5222  >  32828 [ACK] Seq=6506 Ack=8772 Win=65535 Len=1440 [TCP PDU reassembled in 450]"
"259","73.346535","163.70.146.60","10.0.2.15","TCP","127","5222  >  32828 [PSH, ACK] Seq=7946 Ack=8772 Win=65535 Len=73 [TCP PDU reassembled in 450]"
"260","73.346748","10.0.2.15","163.70.146.60","TCP","54","32828  >  5222 [ACK] Seq=8772 Ack=7946 Win=65535 Len=0"
"261","73.381803","163.70.146.60","10.0.2.15","TCP","1354","5222  >  32828 [PSH, ACK] Seq=8019 Ack=8772 Win=65535 Len=1300 [TCP PDU reassembled in 450]"
"262","73.382008","10.0.2.15","163.70.146.60","TCP","54","32828  >  5222 [ACK] Seq=8772 Ack=9319 Win=65535 Len=0"
"263","73.417695","163.70.146.60","10.0.2.15","TCP","1349","5222  >  32828 [PSH, ACK] Seq=9319 Ack=8772 Win=65535 Len=1295 [TCP PDU reassembled in 450]"
"264","73.460348","10.0.2.15","163.70.146.60","TCP","54","32828  >  5222 [ACK] Seq=8772 Ack=10614 Win=65535 Len=0"
"265","73.478028","163.70.146.60","10.0.2.15","TCP","1494","5222  >  32828 [ACK] Seq=10614 Ack=8772 Win=65535 Len=1440 [TCP PDU reassembled in 450]"
"266","73.478030","163.70.146.60","10.0.2.15","TCP","1214","5222  >  32828 [PSH, ACK] Seq=12054 Ack=8772 Win=65535 Len=1160 [TCP PDU reassembled in 450]"
"267","73.478200","10.0.2.15","163.70.146.60","TCP","54","32828  >  5222 [ACK] Seq=8772 Ack=12054 Win=65535 Len=0"
"268","73.478438","10.0.2.15","163.70.146.60","TCP","54","32828  >  5222 [ACK] Seq=8772 Ack=13214 Win=65535 Len=0"
"269","73.532152","163.70.146.60","10.0.2.15","TCP","1494","5222  >  32828 [ACK] Seq=13214 Ack=8772 Win=65535 Len=1440 [TCP PDU reassembled in 450]"
"270","73.532154","163.70.146.60","10.0.2.15","TCP","100","5222  >  32828 [PSH, ACK] Seq=14654 Ack=8772 Win=65535 Len=46 [TCP PDU reassembled in 450]"
"271","73.532311","10.0.2.15","163.70.146.60","TCP","54","32828  >  5222 [ACK] Seq=8772 Ack=14654 Win=65535 Len=0"
"272","73.532529","10.0.2.15","163.70.146.60","TCP","54","32828  >  5222 [ACK] Seq=8772 Ack=14700 Win=65535 Len=0"
"273","73.558942","163.70.146.60","10.0.2.15","TCP","1494","5222  >  32828 [ACK] Seq=14700 Ack=8772 Win=65535 Len=1440 [TCP PDU reassembled in 450]"
"274","73.558945","163.70.146.60","10.0.2.15","TCP","1214","5222  >  32828 [PSH, ACK] Seq=16140 Ack=8772 Win=65535 Len=1160 [TCP PDU reassembled in 450]"
"275","73.559171","10.0.2.15","163.70.146.60","TCP","54","32828  >  5222 [ACK] Seq=8772 Ack=16140 Win=65535 Len=0"
"276","73.559458","10.0.2.15","163.70.146.60","TCP","54","32828  >  5222 [ACK] Seq=8772 Ack=17300 Win=65535 Len=0"
"277","73.601270","163.70.146.60","10.0.2.15","TCP","1354","5222  >  32828 [PSH, ACK] Seq=17300 Ack=8772 Win=65535 Len=1300 [TCP PDU reassembled in 450]"
"278","73.601272","163.70.146.60","10.0.2.15","TCP","240","5222  >  32828 [PSH, ACK] Seq=18600 Ack=8772 Win=65535 Len=186 [TCP PDU reassembled in 450]"
"279","73.601405","10.0.2.15","163.70.146.60","TCP","54","32828  >  5222 [ACK] Seq=8772 Ack=18600 Win=65535 Len=0"
"280","73.601583","10.0.2.15","163.70.146.60","TCP","54","32828  >  5222 [ACK] Seq=8772 Ack=18786 Win=65535 Len=0"
"281","73.649160","163.70.146.60","10.0.2.15","TCP","1354","5222  >  32828 [PSH, ACK] Seq=18786 Ack=8772 Win=65535 Len=1300 [TCP PDU reassembled in 450]"
"282","73.649309","10.0.2.15","163.70.146.60","TCP","54","32828  >  5222 [ACK] Seq=8772 Ack=20086 Win=65535 Len=0"
"283","73.655572","163.70.146.60","10.0.2.15","TCP","1354","5222  >  32828 [PSH, ACK] Seq=20086 Ack=8772 Win=65535 Len=1300 [TCP PDU reassembled in 450]"
"284","73.655668","10.0.2.15","163.70.146.60","TCP","54","32828  >  5222 [ACK] Seq=8772 Ack=21386 Win=65535 Len=0"
"285","73.711625","163.70.146.60","10.0.2.15","TCP","1354","5222  >  32828 [PSH, ACK] Seq=21386 Ack=8772 Win=65535 Len=1300 [TCP PDU reassembled in 450]"
"286","73.711722","10.0.2.15","163.70.146.60","TCP","54","32828  >  5222 [ACK] Seq=8772 Ack=22686 Win=65535 Len=0"
"287","73.888287","163.70.146.60","10.0.2.15","TCP","1494","5222  >  32828 [ACK] Seq=22686 Ack=8772 Win=65535 Len=1440 [TCP PDU reassembled in 450]"
"288","73.888289","163.70.146.60","10.0.2.15","TCP","372","5222  >  32828 [PSH, ACK] Seq=24126 Ack=8772 Win=65535 Len=318 [TCP PDU reassembled in 450]"
"289","73.888427","10.0.2.15","163.70.146.60","TCP","54","32828  >  5222 [ACK] Seq=8772 Ack=24126 Win=65535 Len=0"
"290","73.888634","10.0.2.15","163.70.146.60","TCP","54","32828  >  5222 [ACK] Seq=8772 Ack=24444 Win=65535 Len=0"
"291","77.257909","163.70.146.60","10.0.2.15","TCP","123","5222  >  32828 [PSH, ACK] Seq=24444 Ack=8772 Win=65535 Len=69 [TCP PDU reassembled in 450]"
"292","77.257982","10.0.2.15","163.70.146.60","TCP","54","32828  >  5222 [ACK] Seq=8772 Ack=24513 Win=65535 Len=0"
"293","77.276004","163.70.146.60","10.0.2.15","TCP","705","5222  >  32828 [PSH, ACK] Seq=24513 Ack=8772 Win=65535 Len=651 [TCP PDU reassembled in 450]"
"294","77.276075","10.0.2.15","163.70.146.60","TCP","54","32828  >  5222 [ACK] Seq=8772 Ack=25164 Win=65535 Len=0"
"295","77.371719","10.0.2.15","163.70.146.60","TCP","140","32828  >  5222 [PSH, ACK] Seq=8772 Ack=25164 Win=65535 Len=86 [TCP PDU reassembled in 402]"
"296","77.372337","163.70.146.60","10.0.2.15","TCP","60","5222  >  32828 [ACK] Seq=25164 Ack=8858 Win=65535 Len=0"
"297","77.379469","10.0.2.15","163.70.146.60","TCP","127","32828  >  5222 [PSH, ACK] Seq=8858 Ack=25164 Win=65535 Len=73 [TCP PDU reassembled in 402]"
"298","77.380276","163.70.146.60","10.0.2.15","TCP","60","5222  >  32828 [ACK] Seq=25164 Ack=8931 Win=65535 Len=0"
"299","77.380514","10.0.2.15","163.70.146.60","TCP","127","32828  >  5222 [PSH, ACK] Seq=8931 Ack=25164 Win=65535 Len=73 [TCP PDU reassembled in 402]"
"300","77.380958","163.70.146.60","10.0.2.15","TCP","60","5222  >  32828 [ACK] Seq=25164 Ack=9004 Win=65535 Len=0"
"301","77.381555","10.0.2.15","163.70.146.60","TCP","128","32828  >  5222 [PSH, ACK] Seq=9004 Ack=25164 Win=65535 Len=74 [TCP PDU reassembled in 402]"
"302","77.381963","163.70.146.60","10.0.2.15","TCP","60","5222  >  32828 [ACK] Seq=25164 Ack=9078 Win=65535 Len=0"
"303","77.382541","10.0.2.15","163.70.146.60","TCP","128","32828  >  5222 [PSH, ACK] Seq=9078 Ack=25164 Win=65535 Len=74 [TCP PDU reassembled in 402]"
"304","77.382949","163.70.146.60","10.0.2.15","TCP","60","5222  >  32828 [ACK] Seq=25164 Ack=9152 Win=65535 Len=0"
"305","77.682304","163.70.146.60","10.0.2.15","TLSv1.3","78","Application Data"
"306","77.682305","163.70.146.60","10.0.2.15","TCP","60","443  >  52478 [FIN, ACK] Seq=4612 Ack=2810 Win=65535 Len=0"
"307","77.682327","10.0.2.15","163.70.146.60","TCP","54","52478  >  443 [RST] Seq=2810 Win=0 Len=0"
"308","77.682436","10.0.2.15","163.70.146.60","TCP","54","52478  >  443 [RST] Seq=2810 Win=0 Len=0"
"309","77.682911","163.70.146.60","10.0.2.15","TCP","60","443  >  52478 [RST, ACK] Seq=4003639295 Ack=2810 Win=0 Len=0"
"310","77.820076","10.0.2.15","163.70.146.60","TCP","123","32828  >  5222 [PSH, ACK] Seq=9152 Ack=25164 Win=65535 Len=69 [TCP PDU reassembled in 402]"
"311","77.820474","163.70.146.60","10.0.2.15","TCP","60","5222  >  32828 [ACK] Seq=25164 Ack=9221 Win=65535 Len=0"
"312","79.752049","163.70.146.60","10.0.2.15","TCP","125","5222  >  32828 [PSH, ACK] Seq=25164 Ack=9221 Win=65535 Len=71 [TCP PDU reassembled in 450]"
"313","79.752097","10.0.2.15","163.70.146.60","TCP","54","32828  >  5222 [ACK] Seq=9221 Ack=25235 Win=65535 Len=0"
"314","80.384608","10.0.2.15","23.11.38.161","TCP","54","[TCP Keep-Alive] 57446  >  80 [ACK] Seq=432 Ack=643 Win=61030 Len=0"
"315","80.385765","23.11.38.161","10.0.2.15","TCP","60","[TCP Keep-Alive ACK] 80  >  57446 [ACK] Seq=643 Ack=433 Win=65535 Len=0"
"316","80.530977","10.0.2.15","163.70.146.60","TCP","332","32828  >  5222 [PSH, ACK] Seq=9221 Ack=25235 Win=65535 Len=278 [TCP PDU reassembled in 402]"
"317","80.531464","163.70.146.60","10.0.2.15","TCP","60","5222  >  32828 [ACK] Seq=25235 Ack=9499 Win=65535 Len=0"
"318","81.594807","163.70.146.60","10.0.2.15","TCP","474","5222  >  32828 [PSH, ACK] Seq=25235 Ack=9499 Win=65535 Len=420 [TCP PDU reassembled in 450]"
"319","81.594851","10.0.2.15","163.70.146.60","TCP","54","32828  >  5222 [ACK] Seq=9499 Ack=25655 Win=65535 Len=0"
"320","82.521602","10.0.2.15","163.70.146.60","TLSv1.2","93","Application Data"
"321","82.522576","163.70.146.60","10.0.2.15","TCP","60","443  >  50166 [ACK] Seq=40 Ack=79 Win=65535 Len=0"
"322","82.725711","10.0.2.15","163.70.146.60","TCP","84","32828  >  5222 [PSH, ACK] Seq=9499 Ack=25655 Win=65535 Len=30 [TCP PDU reassembled in 402]"
"323","82.726407","163.70.146.60","10.0.2.15","TCP","60","5222  >  32828 [ACK] Seq=25655 Ack=9529 Win=65535 Len=0"
"324","82.726946","10.0.2.15","163.70.146.60","TCP","1243","32828  >  5222 [PSH, ACK] Seq=9529 Ack=25655 Win=65535 Len=1189 [TCP PDU reassembled in 402]"
"325","82.727326","163.70.146.60","10.0.2.15","TCP","60","5222  >  32828 [ACK] Seq=25655 Ack=10718 Win=65535 Len=0"
"326","84.255146","163.70.146.60","10.0.2.15","TLSv1.2","93","Application Data"
"327","84.255148","163.70.146.60","10.0.2.15","TCP","117","5222  >  32828 [PSH, ACK] Seq=25655 Ack=10718 Win=65535 Len=63 [TCP PDU reassembled in 450]"
"328","84.255206","10.0.2.15","163.70.146.60","TCP","54","50166  >  443 [ACK] Seq=79 Ack=79 Win=65535 Len=0"
"329","84.255879","10.0.2.15","163.70.146.60","TCP","54","32828  >  5222 [ACK] Seq=10718 Ack=25718 Win=65535 Len=0"
"330","90.623704","10.0.2.15","23.11.38.161","TCP","54","[TCP Keep-Alive] 57446  >  80 [ACK] Seq=432 Ack=643 Win=61030 Len=0"
"331","90.624604","23.11.38.161","10.0.2.15","TCP","60","[TCP Keep-Alive ACK] 80  >  57446 [ACK] Seq=643 Ack=433 Win=65535 Len=0"
"332","98.909888","10.0.2.15","163.70.146.60","TCP","84","32828  >  5222 [PSH, ACK] Seq=10718 Ack=25718 Win=65535 Len=30 [TCP PDU reassembled in 402]"
"333","98.910330","163.70.146.60","10.0.2.15","TCP","60","5222  >  32828 [ACK] Seq=25718 Ack=10748 Win=65535 Len=0"
"334","98.910767","10.0.2.15","163.70.146.60","TCP","7354","32828  >  5222 [PSH, ACK] Seq=10748 Ack=25718 Win=65535 Len=7300 [TCP PDU reassembled in 402]"
"335","98.911302","163.70.146.60","10.0.2.15","TCP","60","5222  >  32828 [ACK] Seq=25718 Ack=12208 Win=65535 Len=0"
"336","98.911302","163.70.146.60","10.0.2.15","TCP","60","5222  >  32828 [ACK] Seq=25718 Ack=13668 Win=65535 Len=0"
"337","98.911303","163.70.146.60","10.0.2.15","TCP","60","5222  >  32828 [ACK] Seq=25718 Ack=15128 Win=65535 Len=0"
"338","98.911303","163.70.146.60","10.0.2.15","TCP","60","5222  >  32828 [ACK] Seq=25718 Ack=16588 Win=65535 Len=0"
"339","98.911303","163.70.146.60","10.0.2.15","TCP","60","5222  >  32828 [ACK] Seq=25718 Ack=18048 Win=65535 Len=0"
"340","98.911379","10.0.2.15","163.70.146.60","TCP","4895","32828  >  5222 [PSH, ACK] Seq=18048 Ack=25718 Win=65535 Len=4841 [TCP PDU reassembled in 402]"
"341","98.912371","163.70.146.60","10.0.2.15","TCP","60","5222  >  32828 [ACK] Seq=25718 Ack=19508 Win=65535 Len=0"
"342","98.912372","163.70.146.60","10.0.2.15","TCP","60","5222  >  32828 [ACK] Seq=25718 Ack=20968 Win=65535 Len=0"
"343","98.912372","163.70.146.60","10.0.2.15","TCP","60","5222  >  32828 [ACK] Seq=25718 Ack=22428 Win=65535 Len=0"
"344","98.912372","163.70.146.60","10.0.2.15","TCP","60","5222  >  32828 [ACK] Seq=25718 Ack=22889 Win=65535 Len=0"
"345","100.864159","10.0.2.15","23.11.38.161","TCP","54","[TCP Keep-Alive] 57446  >  80 [ACK] Seq=432 Ack=643 Win=61030 Len=0"
"346","100.865342","23.11.38.161","10.0.2.15","TCP","60","[TCP Keep-Alive ACK] 80  >  57446 [ACK] Seq=643 Ack=433 Win=65535 Len=0"
"347","108.589246","163.70.146.60","10.0.2.15","TCP","1354","5222  >  32828 [PSH, ACK] Seq=25718 Ack=22889 Win=65535 Len=1300 [TCP PDU reassembled in 450]"
"348","108.589292","10.0.2.15","163.70.146.60","TCP","54","32828  >  5222 [ACK] Seq=22889 Ack=27018 Win=65535 Len=0"
"349","108.590137","163.70.146.60","10.0.2.15","TCP","1494","5222  >  32828 [ACK] Seq=27018 Ack=22889 Win=65535 Len=1440 [TCP PDU reassembled in 450]"
"350","108.590138","163.70.146.60","10.0.2.15","TCP","1422","5222  >  32828 [PSH, ACK] Seq=28458 Ack=22889 Win=65535 Len=1368 [TCP PDU reassembled in 450]"
"351","108.590161","10.0.2.15","163.70.146.60","TCP","54","32828  >  5222 [ACK] Seq=22889 Ack=28458 Win=65535 Len=0"
"352","108.590291","10.0.2.15","163.70.146.60","TCP","54","32828  >  5222 [ACK] Seq=22889 Ack=29826 Win=65535 Len=0"
"353","108.591240","163.70.146.60","10.0.2.15","TCP","1494","5222  >  32828 [ACK] Seq=29826 Ack=22889 Win=65535 Len=1440 [TCP PDU reassembled in 450]"
"354","108.591241","163.70.146.60","10.0.2.15","TCP","1214","5222  >  32828 [PSH, ACK] Seq=31266 Ack=22889 Win=65535 Len=1160 [TCP PDU reassembled in 450]"
"355","108.591256","10.0.2.15","163.70.146.60","TCP","54","32828  >  5222 [ACK] Seq=22889 Ack=31266 Win=65535 Len=0"
"356","108.591399","10.0.2.15","163.70.146.60","TCP","54","32828  >  5222 [ACK] Seq=22889 Ack=32426 Win=65535 Len=0"
"357","108.601739","163.70.146.60","10.0.2.15","TCP","1494","5222  >  32828 [ACK] Seq=32426 Ack=22889 Win=65535 Len=1440 [TCP PDU reassembled in 450]"
"358","108.601740","163.70.146.60","10.0.2.15","TCP","1400","5222  >  32828 [PSH, ACK] Seq=33866 Ack=22889 Win=65535 Len=1346 [TCP PDU reassembled in 450]"
"359","108.601787","10.0.2.15","163.70.146.60","TCP","54","32828  >  5222 [ACK] Seq=22889 Ack=33866 Win=65535 Len=0"
"360","108.601982","10.0.2.15","163.70.146.60","TCP","54","32828  >  5222 [ACK] Seq=22889 Ack=35212 Win=65535 Len=0"
"361","108.616215","163.70.146.60","10.0.2.15","TCP","1494","5222  >  32828 [ACK] Seq=35212 Ack=22889 Win=65535 Len=1440 [TCP PDU reassembled in 450]"
"362","108.616219","163.70.146.60","10.0.2.15","TCP","1400","5222  >  32828 [PSH, ACK] Seq=36652 Ack=22889 Win=65535 Len=1346 [TCP PDU reassembled in 450]"
"363","108.616281","10.0.2.15","163.70.146.60","TCP","54","32828  >  5222 [ACK] Seq=22889 Ack=36652 Win=65535 Len=0"
"364","108.616673","10.0.2.15","163.70.146.60","TCP","54","32828  >  5222 [ACK] Seq=22889 Ack=37998 Win=65535 Len=0"
"365","108.625528","163.70.146.60","10.0.2.15","TCP","1494","5222  >  32828 [ACK] Seq=37998 Ack=22889 Win=65535 Len=1440 [TCP PDU reassembled in 450]"
"366","108.625532","163.70.146.60","10.0.2.15","TCP","1214","5222  >  32828 [PSH, ACK] Seq=39438 Ack=22889 Win=65535 Len=1160 [TCP PDU reassembled in 450]"
"367","108.625608","10.0.2.15","163.70.146.60","TCP","54","32828  >  5222 [ACK] Seq=22889 Ack=39438 Win=65535 Len=0"
"368","108.625947","10.0.2.15","163.70.146.60","TCP","54","32828  >  5222 [ACK] Seq=22889 Ack=40598 Win=65535 Len=0"
"369","108.636776","163.70.146.60","10.0.2.15","TCP","1494","5222  >  32828 [ACK] Seq=40598 Ack=22889 Win=65535 Len=1440 [TCP PDU reassembled in 450]"
"370","108.636777","163.70.146.60","10.0.2.15","TCP","100","5222  >  32828 [PSH, ACK] Seq=42038 Ack=22889 Win=65535 Len=46 [TCP PDU reassembled in 450]"
"371","108.636778","163.70.146.60","10.0.2.15","TCP","1494","5222  >  32828 [ACK] Seq=42084 Ack=22889 Win=65535 Len=1440 [TCP PDU reassembled in 450]"
"372","108.636778","163.70.146.60","10.0.2.15","TCP","127","5222  >  32828 [PSH, ACK] Seq=43524 Ack=22889 Win=65535 Len=73 [TCP PDU reassembled in 450]"
"373","108.636817","10.0.2.15","163.70.146.60","TCP","54","32828  >  5222 [ACK] Seq=22889 Ack=42038 Win=65535 Len=0"
"374","108.636966","10.0.2.15","163.70.146.60","TCP","54","32828  >  5222 [ACK] Seq=22889 Ack=42084 Win=65535 Len=0"
"375","108.637046","10.0.2.15","163.70.146.60","TCP","54","32828  >  5222 [ACK] Seq=22889 Ack=43524 Win=65535 Len=0"
"376","108.637124","10.0.2.15","163.70.146.60","TCP","54","32828  >  5222 [ACK] Seq=22889 Ack=43597 Win=65535 Len=0"
"377","108.646817","163.70.146.60","10.0.2.15","TCP","1354","5222  >  32828 [PSH, ACK] Seq=43597 Ack=22889 Win=65535 Len=1300 [TCP PDU reassembled in 450]"
"378","108.646820","163.70.146.60","10.0.2.15","TCP","1349","5222  >  32828 [PSH, ACK] Seq=44897 Ack=22889 Win=65535 Len=1295 [TCP PDU reassembled in 450]"
"379","108.646876","10.0.2.15","163.70.146.60","TCP","54","32828  >  5222 [ACK] Seq=22889 Ack=44897 Win=65535 Len=0"
"380","108.648386","10.0.2.15","163.70.146.60","TCP","54","32828  >  5222 [ACK] Seq=22889 Ack=46192 Win=65535 Len=0"
"381","108.661191","163.70.146.60","10.0.2.15","TCP","1354","5222  >  32828 [PSH, ACK] Seq=46192 Ack=22889 Win=65535 Len=1300 [TCP PDU reassembled in 450]"
"382","108.662219","10.0.2.15","163.70.146.60","TCP","54","32828  >  5222 [ACK] Seq=22889 Ack=47492 Win=65535 Len=0"
"383","108.686962","163.70.146.60","10.0.2.15","TCP","1494","5222  >  32828 [ACK] Seq=47492 Ack=22889 Win=65535 Len=1440 [TCP PDU reassembled in 450]"
"384","108.686965","163.70.146.60","10.0.2.15","TCP","1494","5222  >  32828 [ACK] Seq=48932 Ack=22889 Win=65535 Len=1440 [TCP PDU reassembled in 450]"
"385","108.686966","163.70.146.60","10.0.2.15","TCP","1260","5222  >  32828 [PSH, ACK] Seq=50372 Ack=22889 Win=65535 Len=1206 [TCP PDU reassembled in 450]"
"386","108.687578","10.0.2.15","163.70.146.60","TCP","54","32828  >  5222 [ACK] Seq=22889 Ack=51578 Win=65535 Len=0"
"387","108.698216","163.70.146.60","10.0.2.15","TCP","1494","5222  >  32828 [ACK] Seq=51578 Ack=22889 Win=65535 Len=1440 [TCP PDU reassembled in 450]"
"388","108.698218","163.70.146.60","10.0.2.15","TCP","1214","5222  >  32828 [PSH, ACK] Seq=53018 Ack=22889 Win=65535 Len=1160 [TCP PDU reassembled in 450]"
"389","108.698218","163.70.146.60","10.0.2.15","TCP","240","5222  >  32828 [PSH, ACK] Seq=54178 Ack=22889 Win=65535 Len=186 [TCP PDU reassembled in 450]"
"390","108.698381","10.0.2.15","163.70.146.60","TCP","54","32828  >  5222 [ACK] Seq=22889 Ack=54178 Win=65535 Len=0"
"391","108.699340","10.0.2.15","163.70.146.60","TCP","54","32828  >  5222 [ACK] Seq=22889 Ack=54364 Win=65535 Len=0"
"392","108.719412","163.70.146.60","10.0.2.15","TCP","1354","5222  >  32828 [PSH, ACK] Seq=54364 Ack=22889 Win=65535 Len=1300 [TCP PDU reassembled in 450]"
"393","108.719925","10.0.2.15","163.70.146.60","TCP","54","32828  >  5222 [ACK] Seq=22889 Ack=55664 Win=65535 Len=0"
"394","108.748527","163.70.146.60","10.0.2.15","TCP","1354","5222  >  32828 [PSH, ACK] Seq=55664 Ack=22889 Win=65535 Len=1300 [TCP PDU reassembled in 450]"
"395","108.748529","163.70.146.60","10.0.2.15","TCP","1494","5222  >  32828 [ACK] Seq=56964 Ack=22889 Win=65535 Len=1440 [TCP PDU reassembled in 450]"
"396","108.748531","163.70.146.60","10.0.2.15","TCP","1400","5222  >  32828 [PSH, ACK] Seq=58404 Ack=22889 Win=65535 Len=1346 [TCP PDU reassembled in 450]"
"397","108.748532","163.70.146.60","10.0.2.15","TCP","1494","5222  >  32828 [ACK] Seq=59750 Ack=22889 Win=65535 Len=1440 [TCP PDU reassembled in 450]"
"398","108.748532","163.70.146.60","10.0.2.15","TCP","1494","5222  >  32828 [ACK] Seq=61190 Ack=22889 Win=65535 Len=1440 [TCP PDU reassembled in 450]"
"399","108.748533","163.70.146.60","10.0.2.15","TCP","845","5222  >  32828 [PSH, ACK] Seq=62630 Ack=22889 Win=65535 Len=791 [TCP PDU reassembled in 450]"
"400","108.749079","10.0.2.15","163.70.146.60","TCP","54","32828  >  5222 [ACK] Seq=22889 Ack=63421 Win=65535 Len=0"
"401","109.518687","10.0.2.15","163.70.146.60","TCP","84","32828  >  5222 [PSH, ACK] Seq=22889 Ack=63421 Win=65535 Len=30 [TCP PDU reassembled in 402]"
"402","109.518964","10.0.2.15","163.70.146.60","TCP","4667","32828  >  5222 [PSH, ACK] Seq=22919 Ack=63421 Win=65535 Len=4613 [TCP PDU reassembled in 402]"
"403","109.519642","163.70.146.60","10.0.2.15","TCP","60","5222  >  32828 [ACK] Seq=63421 Ack=22919 Win=65535 Len=0"
"404","109.519643","163.70.146.60","10.0.2.15","TCP","60","5222  >  32828 [ACK] Seq=63421 Ack=24379 Win=65535 Len=0"
"405","109.519643","163.70.146.60","10.0.2.15","TCP","60","5222  >  32828 [ACK] Seq=63421 Ack=25839 Win=65535 Len=0"
"406","109.519643","163.70.146.60","10.0.2.15","TCP","60","5222  >  32828 [ACK] Seq=63421 Ack=27299 Win=65535 Len=0"
"407","109.519643","163.70.146.60","10.0.2.15","TCP","60","5222  >  32828 [ACK] Seq=63421 Ack=27532 Win=65535 Len=0"
"408","111.103566","10.0.2.15","23.11.38.161","TCP","54","[TCP Keep-Alive] 57446  >  80 [ACK] Seq=432 Ack=643 Win=61030 Len=0"
"409","111.103957","23.11.38.161","10.0.2.15","TCP","60","[TCP Keep-Alive ACK] 80  >  57446 [ACK] Seq=643 Ack=433 Win=65535 Len=0"
"410","112.935434","fd17:625c:f037:2:86e2:1afc:8ad3:8e30","2a03:2880:f28a:ce:face:b00c:0:167","TCP","113","58438  >  5222 [PSH, ACK] Seq=79 Ack=79 Win=65535 Len=39 [TCP PDU reassembled in 411]"
"411","112.936581","fd17:625c:f037:2:86e2:1afc:8ad3:8e30","2a03:2880:f28a:ce:face:b00c:0:167","TCP","98","58438  >  5222 [FIN, PSH, ACK] Seq=118 Ack=79 Win=65535 Len=24 [TCP PDU reassembled in 411]"
"412","112.936868","2a03:2880:f28a:ce:face:b00c:0:167","fd17:625c:f037:2:86e2:1afc:8ad3:8e30","TCP","74","5222  >  58438 [ACK] Seq=79 Ack=118 Win=65535 Len=0"
"413","112.937500","2a03:2880:f28a:ce:face:b00c:0:167","fd17:625c:f037:2:86e2:1afc:8ad3:8e30","TCP","74","5222  >  58438 [ACK] Seq=79 Ack=143 Win=65535 Len=0"
"414","113.789199","2a03:2880:f28a:ce:face:b00c:0:167","fd17:625c:f037:2:86e2:1afc:8ad3:8e30","TCP","113","5222  >  58438 [PSH, ACK] Seq=79 Ack=143 Win=65535 Len=39 [TCP PDU reassembled in 414]"
"415","113.789234","fd17:625c:f037:2:86e2:1afc:8ad3:8e30","2a03:2880:f28a:ce:face:b00c:0:167","TCP","74","58438  >  5222 [RST] Seq=143 Win=0 Len=0"
"416","113.937626","10.0.2.15","163.70.146.60","TLSv1.2","93","Application Data"
"417","113.938451","10.0.2.15","163.70.146.60","TLSv1.2","78","Application Data"
"418","113.938710","163.70.146.60","10.0.2.15","TCP","60","443  >  49762 [ACK] Seq=79 Ack=118 Win=65535 Len=0"
"419","113.939567","163.70.146.60","10.0.2.15","TCP","60","443  >  49762 [ACK] Seq=79 Ack=143 Win=65535 Len=0"
"420","114.682195","163.70.146.60","10.0.2.15","TLSv1.2","78","Application Data"
"421","114.682197","163.70.146.60","10.0.2.15","TCP","60","443  >  49762 [FIN, ACK] Seq=103 Ack=143 Win=65535 Len=0"
"422","114.682244","10.0.2.15","163.70.146.60","TCP","54","49762  >  443 [RST] Seq=143 Win=0 Len=0"
"423","114.682533","10.0.2.15","163.70.146.60","TCP","54","49762  >  443 [RST] Seq=143 Win=0 Len=0"
"424","114.683885","163.70.146.60","10.0.2.15","TCP","60","443  >  49762 [RST, ACK] Seq=4015666803 Ack=143 Win=0 Len=0"
"425","118.024612","fe80::a00:27ff:fee3:7c93","fe80::2","ICMPv6","86","Neighbor Solicitation for fe80::2 from 08:00:27:e3:7c:93"
"426","118.025600","fe80::2","fe80::a00:27ff:fee3:7c93","ICMPv6","86","Neighbor Advertisement fe80::2 (rtr, sol, ovr) is at 52:54:00:12:35:00"
"427","119.189872","163.70.146.60","10.0.2.15","TCP","1494","5222  >  32828 [ACK] Seq=63421 Ack=27532 Win=65535 Len=1440 [TCP PDU reassembled in 450]"
"428","119.189949","10.0.2.15","163.70.146.60","TCP","54","32828  >  5222 [ACK] Seq=27532 Ack=64861 Win=65535 Len=0"
"429","119.190533","163.70.146.60","10.0.2.15","TCP","1494","5222  >  32828 [ACK] Seq=64861 Ack=27532 Win=65535 Len=1440 [TCP PDU reassembled in 450]"
"430","119.190534","163.70.146.60","10.0.2.15","TCP","1494","5222  >  32828 [ACK] Seq=66301 Ack=27532 Win=65535 Len=1440 [TCP PDU reassembled in 450]"
"431","119.190595","10.0.2.15","163.70.146.60","TCP","54","32828  >  5222 [ACK] Seq=27532 Ack=66301 Win=65535 Len=0"
"432","119.190678","10.0.2.15","163.70.146.60","TCP","54","32828  >  5222 [ACK] Seq=27532 Ack=67741 Win=65535 Len=0"
"433","119.191174","163.70.146.60","10.0.2.15","TCP","1142","5222  >  32828 [PSH, ACK] Seq=67741 Ack=27532 Win=65535 Len=1088 [TCP PDU reassembled in 450]"
"434","119.191232","10.0.2.15","163.70.146.60","TCP","54","32828  >  5222 [ACK] Seq=27532 Ack=68829 Win=65535 Len=0"
"435","119.192190","163.70.146.60","10.0.2.15","TCP","1494","5222  >  32828 [ACK] Seq=68829 Ack=27532 Win=65535 Len=1440 [TCP PDU reassembled in 450]"
"436","119.192191","163.70.146.60","10.0.2.15","TCP","1494","5222  >  32828 [ACK] Seq=70269 Ack=27532 Win=65535 Len=1440 [TCP PDU reassembled in 450]"
"437","119.192192","163.70.146.60","10.0.2.15","TCP","1260","5222  >  32828 [PSH, ACK] Seq=71709 Ack=27532 Win=65535 Len=1206 [TCP PDU reassembled in 450]"
"438","119.192192","163.70.146.60","10.0.2.15","TCP","1494","5222  >  32828 [ACK] Seq=72915 Ack=27532 Win=65535 Len=1440 [TCP PDU reassembled in 450]"
"439","119.192192","163.70.146.60","10.0.2.15","TCP","1494","5222  >  32828 [ACK] Seq=74355 Ack=27532 Win=65535 Len=1440 [TCP PDU reassembled in 450]"
"440","119.192248","10.0.2.15","163.70.146.60","TCP","54","32828  >  5222 [ACK] Seq=27532 Ack=70269 Win=65535 Len=0"
"441","119.192324","10.0.2.15","163.70.146.60","TCP","54","32828  >  5222 [ACK] Seq=27532 Ack=71709 Win=65535 Len=0"
"442","119.192375","10.0.2.15","163.70.146.60","TCP","54","32828  >  5222 [ACK] Seq=27532 Ack=72915 Win=65535 Len=0"
"443","119.192421","10.0.2.15","163.70.146.60","TCP","54","32828  >  5222 [ACK] Seq=27532 Ack=74355 Win=65535 Len=0"
"444","119.192470","10.0.2.15","163.70.146.60","TCP","54","32828  >  5222 [ACK] Seq=27532 Ack=75795 Win=65535 Len=0"
"445","119.192838","163.70.146.60","10.0.2.15","TCP","1494","5222  >  32828 [ACK] Seq=75795 Ack=27532 Win=65535 Len=1440 [TCP PDU reassembled in 450]"
"446","119.192839","163.70.146.60","10.0.2.15","TCP","1120","5222  >  32828 [PSH, ACK] Seq=77235 Ack=27532 Win=65535 Len=1066 [TCP PDU reassembled in 450]"
"447","119.192902","10.0.2.15","163.70.146.60","TCP","54","32828  >  5222 [ACK] Seq=27532 Ack=77235 Win=65535 Len=0"
"448","119.192956","10.0.2.15","163.70.146.60","TCP","54","32828  >  5222 [ACK] Seq=27532 Ack=78301 Win=65535 Len=0"
"449","119.235205","163.70.146.60","10.0.2.15","TCP","1494","5222  >  32828 [ACK] Seq=78301 Ack=27532 Win=65535 Len=1440 [TCP PDU reassembled in 450]"
"450","119.235209","163.70.146.60","10.0.2.15","TCP","1469","5222  >  32828 [PSH, ACK] Seq=79741 Ack=27532 Win=65535 Len=1415 [TCP PDU reassembled in 450]"
"451","119.235335","10.0.2.15","163.70.146.60","TCP","54","32828  >  5222 [ACK] Seq=27532 Ack=79741 Win=65535 Len=0"
"452","119.235493","10.0.2.15","163.70.146.60","TCP","54","32828  >  5222 [ACK] Seq=27532 Ack=81156 Win=65535 Len=0"
"453","121.714747","10.0.2.15","23.11.38.161","TCP","54","[TCP Keep-Alive] 57446  >  80 [ACK] Seq=432 Ack=643 Win=61030 Len=0"
"454","121.715997","23.11.38.161","10.0.2.15","TCP","60","[TCP Keep-Alive ACK] 80  >  57446 [ACK] Seq=643 Ack=433 Win=65535 Len=0"
"455","123.278800","fd17:625c:f037:2:86e2:1afc:8ad3:8e30","2a03:2880:f28a:ce:face:b00c:0:167","TLSv1.2","113","Application Data"
"456","123.279275","2a03:2880:f28a:ce:face:b00c:0:167","fd17:625c:f037:2:86e2:1afc:8ad3:8e30","TCP","74","443  >  48820 [ACK] Seq=3105 Ack=3443 Win=65535 Len=0"
